user_id,pseudo
1,Generated User #1
2,Generated User #2
3,Generated User #3
4,Generated User #4
5,Generated User #5
6,Generated User #6
7,Generated User #7
8,Generated User #8
9,Generated User #9
10,Generated User #10
11,Generated User #11
12,Generated User #12
13,Generated User #13
14,Generated User #14
15,Generated User #15
16,Generated User #16
17,Generated User #17
18,Generated User #18
19,Generated User #19
20,Generated User #20
21,Generated User #21
22,Generated User #22
23,Generated User #23
24,Generated User #24
25,Generated User #25
26,Generated User #26
27,Generated User #27
28,Generated User #28
29,Generated User #29
30,Generated User #30
31,Generated User #31
32,Generated User #32
33,Generated User #33
34,Generated User #34
35,Generated User #35
36,Generated User #36
37,Generated User #37
38,Generated User #38
39,Generated User #39
40,Generated User #40
41,Generated User #41
42,Generated User #42
43,Generated User #43
44,Generated User #44
45,Generated User #45
46,Generated User #46
47,Generated User #47
48,Generated User #48
49,Generated User #49
50,Generated User #50
51,Generated User #51
52,Generated User #52
53,Generated User #53
54,Generated User #54
55,Generated User #55
56,Generated User #56
57,Generated User #57
58,Generated User #58
59,Generated User #59
60,Generated User #60
61,Generated User #61
62,Generated User #62
63,Generated User #63
64,Generated User #64
65,Generated User #65
66,Generated User #66
67,Generated User #67
68,Generated User #68
69,Generated User #69
70,Generated User #70
71,Generated User #71
72,Generated User #72
73,Generated User #73
74,Generated User #74
75,Generated User #75
76,Generated User #76
77,Generated User #77
78,Generated User #78
79,Generated User #79
80,Generated User #80
81,Generated User #81
82,Generated User #82
83,Generated User #83
84,Generated User #84
85,Generated User #85
86,Generated User #86
87,Generated User #87
88,Generated User #88
89,Generated User #89
90,Generated User #90
91,Generated User #91
92,Generated User #92
93,Generated User #93
94,Generated User #94
95,Generated User #95
96,Generated User #96
97,Generated User #97
98,Generated User #98
99,Generated User #99
100,Generated User #100
101,Generated User #101
102,Generated User #102
103,Generated User #103
104,Generated User #104
105,Generated User #105
106,Generated User #106
107,Generated User #107
108,Generated User #108
109,Generated User #109
110,Generated User #110
111,Generated User #111
112,Generated User #112
113,Generated User #113
114,Generated User #114
115,Generated User #115
116,Generated User #116
117,Generated User #117
118,Generated User #118
119,Generated User #119
120,Generated User #120
121,Generated User #121
122,Generated User #122
123,Generated User #123
124,Generated User #124
125,Generated User #125
126,Generated User #126
127,Generated User #127
128,Generated User #128
129,Generated User #129
130,Generated User #130
131,Generated User #131
132,Generated User #132
133,Generated User #133
134,Generated User #134
135,Generated User #135
136,Generated User #136
137,Generated User #137
138,Generated User #138
139,Generated User #139
140,Generated User #140
141,Generated User #141
142,Generated User #142
143,Generated User #143
144,Generated User #144
145,Generated User #145
146,Generated User #146
147,Generated User #147
148,Generated User #148
149,Generated User #149
150,Generated User #150
151,Generated User #151
152,Generated User #152
153,Generated User #153
154,Generated User #154
155,Generated User #155
156,Generated User #156
157,Generated User #157
158,Generated User #158
159,Generated User #159
160,Generated User #160
161,Generated User #161
162,Generated User #162
163,Generated User #163
164,Generated User #164
165,Generated User #165
166,Generated User #166
167,Generated User #167
168,Generated User #168
169,Generated User #169
170,Generated User #170
171,Generated User #171
172,Generated User #172
173,Generated User #173
174,Generated User #174
175,Generated User #175
176,Generated User #176
177,Generated User #177
178,Generated User #178
179,Generated User #179
180,Generated User #180
181,Generated User #181
182,Generated User #182
183,Generated User #183
184,Generated User #184
185,Generated User #185
186,Generated User #186
187,Generated User #187
188,Generated User #188
189,Generated User #189
190,Generated User #190
191,Generated User #191
192,Generated User #192
193,Generated User #193
194,Generated User #194
195,Generated User #195
196,Generated User #196
197,Generated User #197
198,Generated User #198
199,Generated User #199
200,Generated User #200
201,Generated User #201
202,Generated User #202
203,Generated User #203
204,Generated User #204
205,Generated User #205
206,Generated User #206
207,Generated User #207
208,Generated User #208
209,Generated User #209
210,Generated User #210
211,Generated User #211
212,Generated User #212
213,Generated User #213
214,Generated User #214
215,Generated User #215
216,Generated User #216
217,Generated User #217
218,Generated User #218
219,Generated User #219
220,Generated User #220
221,Generated User #221
222,Generated User #222
223,Generated User #223
224,Generated User #224
225,Generated User #225
226,Generated User #226
227,Generated User #227
228,Generated User #228
229,Generated User #229
230,Generated User #230
231,Generated User #231
232,Generated User #232
233,Generated User #233
234,Generated User #234
235,Generated User #235
236,Generated User #236
237,Generated User #237
238,Generated User #238
239,Generated User #239
240,Generated User #240
241,Generated User #241
242,Generated User #242
243,Generated User #243
244,Generated User #244
245,Generated User #245
246,Generated User #246
247,Generated User #247
248,Generated User #248
249,Generated User #249
250,Generated User #250
251,Generated User #251
252,Generated User #252
253,Generated User #253
254,Generated User #254
255,Generated User #255
256,Generated User #256
257,Generated User #257
258,Generated User #258
259,Generated User #259
260,Generated User #260
261,Generated User #261
262,Generated User #262
263,Generated User #263
264,Generated User #264
265,Generated User #265
266,Generated User #266
267,Generated User #267
268,Generated User #268
269,Generated User #269
270,Generated User #270
271,Generated User #271
272,Generated User #272
273,Generated User #273
274,Generated User #274
275,Generated User #275
276,Generated User #276
277,Generated User #277
278,Generated User #278
279,Generated User #279
280,Generated User #280
281,Generated User #281
282,Generated User #282
283,Generated User #283
284,Generated User #284
285,Generated User #285
286,Generated User #286
287,Generated User #287
288,Generated User #288
289,Generated User #289
290,Generated User #290
291,Generated User #291
292,Generated User #292
293,Generated User #293
294,Generated User #294
295,Generated User #295
296,Generated User #296
297,Generated User #297
298,Generated User #298
299,Generated User #299
300,Generated User #300
301,Generated User #301
302,Generated User #302
303,Generated User #303
304,Generated User #304
305,Generated User #305
306,Generated User #306
307,Generated User #307
308,Generated User #308
309,Generated User #309
310,Generated User #310
311,Generated User #311
312,Generated User #312
313,Generated User #313
314,Generated User #314
315,Generated User #315
316,Generated User #316
317,Generated User #317
318,Generated User #318
319,Generated User #319
320,Generated User #320
321,Generated User #321
322,Generated User #322
323,Generated User #323
324,Generated User #324
325,Generated User #325
326,Generated User #326
327,Generated User #327
328,Generated User #328
329,Generated User #329
330,Generated User #330
331,Generated User #331
332,Generated User #332
333,Generated User #333
334,Generated User #334
335,Generated User #335
336,Generated User #336
337,Generated User #337
338,Generated User #338
339,Generated User #339
340,Generated User #340
341,Generated User #341
342,Generated User #342
343,Generated User #343
344,Generated User #344
345,Generated User #345
346,Generated User #346
347,Generated User #347
348,Generated User #348
349,Generated User #349
350,Generated User #350
351,Generated User #351
352,Generated User #352
353,Generated User #353
354,Generated User #354
355,Generated User #355
356,Generated User #356
357,Generated User #357
358,Generated User #358
359,Generated User #359
360,Generated User #360
361,Generated User #361
362,Generated User #362
363,Generated User #363
364,Generated User #364
365,Generated User #365
366,Generated User #366
367,Generated User #367
368,Generated User #368
369,Generated User #369
370,Generated User #370
371,Generated User #371
372,Generated User #372
373,Generated User #373
374,Generated User #374
375,Generated User #375
376,Generated User #376
377,Generated User #377
378,Generated User #378
379,Generated User #379
380,Generated User #380
381,Generated User #381
382,Generated User #382
383,Generated User #383
384,Generated User #384
385,Generated User #385
386,Generated User #386
387,Generated User #387
388,Generated User #388
389,Generated User #389
390,Generated User #390
391,Generated User #391
392,Generated User #392
393,Generated User #393
394,Generated User #394
395,Generated User #395
396,Generated User #396
397,Generated User #397
398,Generated User #398
399,Generated User #399
400,Generated User #400
401,Generated User #401
402,Generated User #402
403,Generated User #403
404,Generated User #404
405,Generated User #405
406,Generated User #406
407,Generated User #407
408,Generated User #408
409,Generated User #409
410,Generated User #410
411,Generated User #411
412,Generated User #412
413,Generated User #413
414,Generated User #414
415,Generated User #415
416,Generated User #416
417,Generated User #417
418,Generated User #418
419,Generated User #419
420,Generated User #420
421,Generated User #421
422,Generated User #422
423,Generated User #423
424,Generated User #424
425,Generated User #425
426,Generated User #426
427,Generated User #427
428,Generated User #428
429,Generated User #429
430,Generated User #430
431,Generated User #431
432,Generated User #432
433,Generated User #433
434,Generated User #434
435,Generated User #435
436,Generated User #436
437,Generated User #437
438,Generated User #438
439,Generated User #439
440,Generated User #440
441,Generated User #441
442,Generated User #442
443,Generated User #443
444,Generated User #444
445,Generated User #445
446,Generated User #446
447,Generated User #447
448,Generated User #448
449,Generated User #449
450,Generated User #450
451,Generated User #451
452,Generated User #452
453,Generated User #453
454,Generated User #454
455,Generated User #455
456,Generated User #456
457,Generated User #457
458,Generated User #458
459,Generated User #459
460,Generated User #460
461,Generated User #461
462,Generated User #462
463,Generated User #463
464,Generated User #464
465,Generated User #465
466,Generated User #466
467,Generated User #467
468,Generated User #468
469,Generated User #469
470,Generated User #470
471,Generated User #471
472,Generated User #472
473,Generated User #473
474,Generated User #474
475,Generated User #475
476,Generated User #476
477,Generated User #477
478,Generated User #478
479,Generated User #479
480,Generated User #480
481,Generated User #481
482,Generated User #482
483,Generated User #483
484,Generated User #484
485,Generated User #485
486,Generated User #486
487,Generated User #487
488,Generated User #488
489,Generated User #489
490,Generated User #490
491,Generated User #491
492,Generated User #492
493,Generated User #493
494,Generated User #494
495,Generated User #495
496,Generated User #496
497,Generated User #497
498,Generated User #498
499,Generated User #499
500,Generated User #500
501,Generated User #501
502,Generated User #502
503,Generated User #503
504,Generated User #504
505,Generated User #505
506,Generated User #506
507,Generated User #507
508,Generated User #508
509,Generated User #509
510,Generated User #510
511,Generated User #511
512,Generated User #512
513,Generated User #513
514,Generated User #514
515,Generated User #515
516,Generated User #516
517,Generated User #517
518,Generated User #518
519,Generated User #519
520,Generated User #520
521,Generated User #521
522,Generated User #522
523,Generated User #523
524,Generated User #524
525,Generated User #525
526,Generated User #526
527,Generated User #527
528,Generated User #528
529,Generated User #529
530,Generated User #530
531,Generated User #531
532,Generated User #532
533,Generated User #533
534,Generated User #534
535,Generated User #535
536,Generated User #536
537,Generated User #537
538,Generated User #538
539,Generated User #539
540,Generated User #540
541,Generated User #541
542,Generated User #542
543,Generated User #543
544,Generated User #544
545,Generated User #545
546,Generated User #546
547,Generated User #547
548,Generated User #548
549,Generated User #549
550,Generated User #550
551,Generated User #551
552,Generated User #552
553,Generated User #553
554,Generated User #554
555,Generated User #555
556,Generated User #556
557,Generated User #557
558,Generated User #558
559,Generated User #559
560,Generated User #560
561,Generated User #561
562,Generated User #562
563,Generated User #563
564,Generated User #564
565,Generated User #565
566,Generated User #566
567,Generated User #567
568,Generated User #568
569,Generated User #569
570,Generated User #570
571,Generated User #571
572,Generated User #572
573,Generated User #573
574,Generated User #574
575,Generated User #575
576,Generated User #576
577,Generated User #577
578,Generated User #578
579,Generated User #579
580,Generated User #580
581,Generated User #581
582,Generated User #582
583,Generated User #583
584,Generated User #584
585,Generated User #585
586,Generated User #586
587,Generated User #587
588,Generated User #588
589,Generated User #589
590,Generated User #590
591,Generated User #591
592,Generated User #592
593,Generated User #593
594,Generated User #594
595,Generated User #595
596,Generated User #596
597,Generated User #597
598,Generated User #598
599,Generated User #599
600,Generated User #600
601,Generated User #601
602,Generated User #602
603,Generated User #603
604,Generated User #604
605,Generated User #605
606,Generated User #606
607,Generated User #607
608,Generated User #608
609,Generated User #609
610,Generated User #610
611,Generated User #611
612,Generated User #612
613,Generated User #613
614,Generated User #614
615,Generated User #615
616,Generated User #616
617,Generated User #617
618,Generated User #618
619,Generated User #619
620,Generated User #620
621,Generated User #621
622,Generated User #622
623,Generated User #623
624,Generated User #624
625,Generated User #625
626,Generated User #626
627,Generated User #627
628,Generated User #628
629,Generated User #629
630,Generated User #630
631,Generated User #631
632,Generated User #632
633,Generated User #633
634,Generated User #634
635,Generated User #635
636,Generated User #636
637,Generated User #637
638,Generated User #638
639,Generated User #639
640,Generated User #640
641,Generated User #641
642,Generated User #642
643,Generated User #643
644,Generated User #644
645,Generated User #645
646,Generated User #646
647,Generated User #647
648,Generated User #648
649,Generated User #649
650,Generated User #650
651,Generated User #651
652,Generated User #652
653,Generated User #653
654,Generated User #654
655,Generated User #655
656,Generated User #656
657,Generated User #657
658,Generated User #658
659,Generated User #659
660,Generated User #660
661,Generated User #661
662,Generated User #662
663,Generated User #663
664,Generated User #664
665,Generated User #665
666,Generated User #666
667,Generated User #667
668,Generated User #668
669,Generated User #669
670,Generated User #670
671,Generated User #671
